{
  "IsEncrypted": false,
  "Values": {
    "APPINSIGHTS_INSTRUMENTATIONKEY": "ff0c23aa-8971-4f2b-adc3-92231c400a8a",
    "APPLICATIONINSIGHTS_CONNECTION_STRING": "InstrumentationKey=ff0c23aa-8971-4f2b-adc3-92231c400a8a;IngestionEndpoint=https://eastus2-3.in.applicationinsights.azure.com/;LiveEndpoint=https://eastus2.livediagnostics.monitor.azure.com/",
    "AZURE_COSMOS_CONNECTION_STRING_KEY": "AZURE_COSMOS_CONNECTION_STRING_KEY",
    "AZURE_COSMOS_DATABASE_NAME": "Todo",
    "AZURE_KEY_VAULT_ENDPOINT": "https://kv-w6pd5pzm6v3fc.vault.azure.net/",
    "AzureWebJobsStorage": "DefaultEndpointsProtocol=https;AccountName=stw6pd5pzm6v3fc;EndpointSuffix=core.windows.net;AccountKey=aCF4mTapY0vTwPvmjVeGb+ko73FLYaOfbbyEFm5PmdMNewePTs0o0/Ncq5CKHTPe4mVg6zFdZJ9S+AStCPG/7A==",
    "FUNCTIONS_EXTENSION_VERSION": "~4",
    "FUNCTIONS_WORKER_RUNTIME": "node",
    "SCM_DO_BUILD_DURING_DEPLOYMENT": "true",
    "WEBSITE_CONTENTAZUREFILECONNECTIONSTRING": "DefaultEndpointsProtocol=https;AccountName=stw6pd5pzm6v3fc;EndpointSuffix=core.windows.net;AccountKey=aCF4mTapY0vTwPvmjVeGb+ko73FLYaOfbbyEFm5PmdMNewePTs0o0/Ncq5CKHTPe4mVg6zFdZJ9S+AStCPG/7A==",
    "WEBSITE_CONTENTSHARE": "w6pd5pzm6v3fc",
    "WEBSITE_HTTPLOGGING_RETENTION_DAYS": "3"
  },
  "ConnectionStrings": {}
}